timestamp,pressure,temperature,vibration
2024-01-01 00:00:00,104.96714153011233,76.99677718293,0.9324821725025618
2024-01-01 01:00:00,98.61735698828815,74.62316841456385,0.9855481329284482
2024-01-01 02:00:00,106.47688538100692,70.29815184960087,0.9207580079000038
2024-01-01 03:00:00,115.23029856408026,66.76531611147213,0.969203847036096
2024-01-01 04:00:00,97.65846625276664,73.49111656806795,0.8106385333046214
2024-01-01 05:00:00,97.6586304305082,71.96742692710875,1.021329370737294
2024-01-01 06:00:00,115.79212815507391,74.47596610013866,1.0001205475362225
2024-01-01 07:00:00,107.67434729152909,73.17585900840984,0.918291136893181
2024-01-01 08:00:00,95.30525614065049,75.24776357659667,1.0659245668432404
2024-01-01 09:00:00,105.42560043585965,67.32382394219717,1.0937570137626558
2024-01-01 10:00:00,95.36582307187538,76.58697032817163,0.8392440135631025
2024-01-01 11:00:00,95.34270246429743,70.987998023462,0.9237275221433786
2024-01-01 12:00:00,102.41962271566034,80.37630436312632,0.9230857650212702
2024-01-01 13:00:00,80.86719755342202,66.55406090955216,0.9060096898891136
2024-01-01 14:00:00,82.75082167486967,78.67981901582624,1.0829474841931748
2024-01-01 15:00:00,94.37712470759027,70.98955391731324,0.9806173861227196
2024-01-01 16:00:00,89.87168879665576,66.74290998192775,0.973548515868939
2024-01-01 17:00:00,103.14247332595274,67.58057082972839,0.7996137635593247
2024-01-01 18:00:00,90.91975924478788,68.3982634590284,1.0635418030209227
2024-01-01 19:00:00,85.87696298664709,72.12082973200958,0.8760741605146527
2024-01-01 20:00:00,114.65648768921554,72.6141774401775,1.0059932630266328
2024-01-01 21:00:00,97.74223699513465,67.13149998030711,1.0277376937958191
2024-01-01 22:00:00,100.67528204687923,69.87822703869509,1.136065859583865
2024-01-01 23:00:00,85.75251813786544,80.71135179305932,0.8691179600880887
2024-01-02 00:00:00,94.55617275474818,78.63771585050355,0.6980487844179175
2024-01-02 01:00:00,101.10922589709867,72.18161834837016,1.0183849544753696
2024-01-02 02:00:00,88.49006422577698,70.190017390841,1.1800511181510853
2024-01-02 03:00:00,103.75698018345672,70.60015663359131,1.1238946352939436
2024-01-02 04:00:00,93.99361310081196,73.06758986365209,1.0209659415274626
2024-01-02 05:00:00,97.08306250206724,64.88603717400797,0.9508363814367953
2024-01-02 06:00:00,93.98293387770603,68.71311731288327,1.080712259663731
2024-01-02 07:00:00,118.52278184508938,61.65707963061205,0.9026453800295531
2024-01-02 08:00:00,99.86502775262066,71.99611561302639,1.047635776935622
2024-01-02 09:00:00,89.422890710441,73.2359796985137,1.0505470159166628
2024-01-02 10:00:00,108.22544912103189,67.58406768850313,1.106020990749888
2024-01-02 11:00:00,87.79156350028978,77.86993381645016,1.2759660038911078
2024-01-02 12:00:00,102.08863595004756,63.8711716849883,1.0392415967178767
2024-01-02 13:00:00,80.40329876120225,62.6781255989509,0.9491036374292501
2024-01-02 14:00:00,86.71813951101569,71.12225909279987,0.9974425687808005
2024-01-02 15:00:00,101.96861235869123,75.23549151306077,0.8230924095110882
2024-01-02 16:00:00,107.3846657999541,78.41963845728934,0.9305286868910941
2024-01-02 17:00:00,101.7136828118997,67.7055786856553,0.9590717561886896
2024-01-02 18:00:00,98.8435171761176,75.39340416715648,0.9475911602065408
2024-01-02 19:00:00,96.98896304410711,69.80745765249647,1.0152354872033722
2024-01-02 20:00:00,85.21478009632573,69.1368635002959,0.9177580067617799
2024-01-02 21:00:00,92.80155791605291,74.41829968743336,1.1121030667324472
2024-01-02 22:00:00,95.39361229040213,73.2616143920671,1.0000207064918196
2024-01-02 23:00:00,110.57122226218915,62.11803921507875,0.9990699678861386
2024-01-03 00:00:00,103.43618289568461,77.38270174862947,0.9672105283487082
2024-01-03 01:00:00,82.36959844637266,76.90045677073726,1.015519068385898
2024-01-03 02:00:00,103.24083969394795,66.87218649245236,1.0825098264667634
2024-01-03 03:00:00,96.14917719583684,71.97901766718705,0.9132869784289099
2024-01-03 04:00:00,93.23077999694041,72.4701509314137,0.9341883510924743
2024-01-03 05:00:00,106.11676288840867,71.30336882911953,0.9696273971223335
2024-01-03 06:00:00,110.30999522495951,67.2484742307729,0.8654129076526785
2024-01-03 07:00:00,109.31280119116198,66.64188316030975,0.9180742140278502
2024-01-03 08:00:00,91.60782476777362,69.87222964504278,0.9523779126455341
2024-01-03 09:00:00,96.90787624148786,75.86364509629682,1.0874389180712727
2024-01-03 10:00:00,103.31263431403563,72.71800077297216,1.0262561329001925
2024-01-03 11:00:00,109.75545127122359,68.14692833956947,1.0193589911367544
2024-01-03 12:00:00,95.2082576215471,73.85849355324173,1.0850897962167971
2024-01-03 13:00:00,98.14341023336183,55.75728689684962,0.9862628211600604
2024-01-03 14:00:00,88.93665025993971,75.74382850186052,1.0390464849928889
2024-01-03 15:00:00,88.0379337591933,61.301431106109504,0.9896778247067504
2024-01-03 16:00:00,108.12525822394198,68.18779529298433,1.026536234939963
2024-01-03 17:00:00,113.56240028570824,64.40165052686928,0.9417241342388418
2024-01-03 18:00:00,99.27989878419666,63.52659262139547,0.756118284172357
2024-01-03 19:00:00,110.03532897892023,75.8041339368926,0.9865720837813696
2024-01-03 20:00:00,103.61636025047635,67.66149399344054,1.142274813609994
2024-01-03 21:00:00,93.54880245394875,71.73251940865357,1.0926215402241592
2024-01-03 22:00:00,103.61395605508415,69.76539710560408,1.096539748459117
2024-01-03 23:00:00,115.38036566465969,72.3852041361156,1.1236130721806217
2024-01-04 00:00:00,99.64173960890048,70.38410945530127,1.0088657590961438
2024-01-04 01:00:00,115.64643655814007,63.58503887905715,1.0197315707405596
2024-01-04 02:00:00,73.80254895910255,74.9813340972357,0.938234810456565
2024-01-04 03:00:00,108.21902504375224,67.53121708419344,0.968392714397295
2024-01-04 04:00:00,100.87047068238171,62.21709050670125,1.0615771149771143
2024-01-04 05:00:00,97.00992649534132,67.85942419517043,1.1203884437168816
2024-01-04 06:00:00,100.91760776535503,77.50379895317155,0.9860553724319
2024-01-04 07:00:00,80.12431085399108,74.25110871056746,0.9549810735148588
2024-01-04 08:00:00,97.80328112162488,68.2567393279607,1.0000527958856598
2024-01-04 09:00:00,103.57112571511746,68.25371147840785,1.0601206748929115
2024-01-04 10:00:00,114.77894044741517,68.39182474391309,0.8556145183866458
2024-01-04 11:00:00,94.81729781726352,80.3837399178042,0.7703819046862762
2024-01-04 12:00:00,91.91506397106812,71.90967726115777,0.9449463150508417
2024-01-04 13:00:00,94.98242956415463,72.15020823595535,0.8779287574085841
2024-01-04 14:00:00,109.15402117702074,75.15141727015921,0.9491859802352689
2024-01-04 15:00:00,103.28751109659684,71.19394579513256,0.9852219681182528
2024-01-04 16:00:00,94.70239796232961,68.70478927089648,0.9546751590976986
2024-01-04 17:00:00,105.13267433113356,69.0182507545751,1.1452467534470745
2024-01-04 18:00:00,100.9707754934804,69.64199370292968,1.032674476460232
2024-01-04 19:00:00,109.68644990532889,69.81388881745079,1.030047435961083
2024-01-04 20:00:00,92.97946906122648,73.6381477181849,1.0622207144043403
2024-01-04 21:00:00,96.72337853402232,70.2597294290365,0.8861166882219231
2024-01-04 22:00:00,96.07891846867842,73.66320038607789,1.1039111787420268
2024-01-04 23:00:00,85.36485051867882,69.59641709945708,0.992423571346454
2024-01-05 00:00:00,102.96120277064576,70.39317595158045,1.0670480617241211
2024-01-05 01:00:00,102.6105527217989,60.00899657733946,0.8928142766959845
2024-01-05 02:00:00,100.05113456642461,74.5816383735124,0.8446241233983935
2024-01-05 03:00:00,97.65412866624852,71.73244237948997,1.0817889658025028
2024-01-05 04:00:00,85.84629257949585,74.99005054929826,1.0376409526097516
2024-01-05 05:00:00,95.79354677234642,55.518723109031555,0.909794844564249
2024-01-05 06:00:00,96.57285483473231,80.44187352390364,0.9130336918725306
2024-01-05 07:00:00,91.9772273077838,69.30205185922414,1.112543478441477
2024-01-05 08:00:00,98.3871428833399,75.54091408368758,0.8810588107132672
2024-01-05 09:00:00,104.04050856814538,64.80047036437234,1.1642672953255964
2024-01-05 10:00:00,118.8618590121053,73.06386952531285,0.9099379265352131
2024-01-05 11:00:00,101.74577812831839,64.73292218413172,1.0638391925608384
2024-01-05 12:00:00,102.57550390722764,66.88115519652098,0.9671381524251015
2024-01-05 13:00:00,99.25554084233833,79.57015676933393,1.0603187431082344
2024-01-05 14:00:00,80.81228784700959,69.04658799618326,0.9455885997885808
2024-01-05 15:00:00,99.73486124550783,71.08716436589862,0.9837207093927706
2024-01-05 16:00:00,100.60230209941027,74.35033865344377,1.0040919175395722
2024-01-05 17:00:00,124.63242112485287,72.47840943986303,0.8997812544218527
2024-01-05 18:00:00,98.07639035218878,70.75209452571788,1.0740824345420126
2024-01-05 19:00:00,103.01547342333612,71.82480501233113,0.9486786433528415
2024-01-05 20:00:00,99.65288230294756,82.01707792619138,0.9771400084659981
2024-01-05 21:00:00,88.31321962380468,69.71190601483207,0.9005650625391488
2024-01-05 22:00:00,111.4282281451502,71.00549523357483,0.743766634120469
2024-01-05 23:00:00,107.51933032686775,75.25327198003806,0.9808972237399831
2024-01-06 00:00:00,107.91031947043047,75.52762966478991,1.2412615421612916
2024-01-06 01:00:00,90.9061254520526,75.9351515278019,1.0784604287898023
2024-01-06 02:00:00,114.02794310936099,73.19365111014592,0.9980739620265605
2024-01-06 03:00:00,85.98148937207719,64.28497543634758,0.9737109170791732
2024-01-06 04:00:00,105.8685709380027,78.16715766150548,1.0022465892812047
2024-01-06 05:00:00,121.90455625809979,64.26827303490656,1.054711911517521
2024-01-06 06:00:00,90.09463674869312,71.51317732619516,0.8819187184691155
2024-01-06 07:00:00,94.33702270397228,66.22862074990321,1.1114321694668872
2024-01-06 08:00:00,100.99651365087641,69.67930826703504,1.0715381315441244
2024-01-06 09:00:00,94.965243458838,71.6438120515174,1.0718185725707934
2024-01-06 10:00:00,84.49336568933867,71.60678607725137,1.0438475738809727
2024-01-06 11:00:00,100.68562974806028,72.10960377117642,1.001961665769399
2024-01-06 12:00:00,89.37696286273895,78.06855634529323,1.067286123596682
2024-01-06 13:00:00,104.73592430635182,72.2676715075699,1.0591814133741377
2024-01-06 14:00:00,90.80575765766197,68.77921682354676,0.9645959289058976
2024-01-06 15:00:00,115.4993440501754,74.82043584144179,0.9426398227103099
2024-01-06 16:00:00,92.16746707663764,75.9473524446232,1.0101856295261986
2024-01-06 17:00:00,96.77938483794324,63.861960924315035,1.1549020151495188
2024-01-06 18:00:00,108.1351721736967,72.98700034924929,0.8760892924346099
2024-01-06 19:00:00,87.69135683566044,73.5058637115545,0.8532474734247559
2024-01-06 20:00:00,102.2745993460413,68.51218248320004,1.0164760841236518
2024-01-06 21:00:00,113.07142754282428,76.8785340665581,1.0050887701856017
2024-01-06 22:00:00,83.92516765438772,69.24972206483737,1.0173341664370408
2024-01-06 23:00:00,101.84633858532304,70.6278822673577,1.02439531979085
2024-01-07 00:00:00,102.59882794248423,69.13464087858065,0.9776797745365194
2024-01-07 01:00:00,107.81822871777311,70.07789523790734,1.1489863438602081
2024-01-07 02:00:00,87.63049289121918,64.518624565524,0.8399096021523484
2024-01-07 03:00:00,86.79543386915724,62.799745587028525,0.9171502975219754
2024-01-07 04:00:00,105.21941565616898,77.97252531612486,0.9896745239850953
2024-01-07 05:00:00,102.96984673233186,65.76519325840836,0.8356811188845833
2024-01-07 06:00:00,102.50492850345877,65.04303825271846,0.9824145595567929
2024-01-07 07:00:00,103.46448209496975,59.23304943198143,1.1661470165728018
2024-01-07 08:00:00,93.1997527842151,66.8051912615525,1.0020886488295961
2024-01-07 09:00:00,102.32253697161003,63.384551032962506,1.0230700905718684
2024-01-07 10:00:00,102.93072473298682,78.21007580068185,0.873983523482742
2024-01-07 11:00:00,92.85648581973632,75.04908544671318,0.9383638591960523
2024-01-07 12:00:00,118.65774511144757,66.55924827411138,0.9624803619676063
2024-01-07 13:00:00,104.73832920911788,81.26217902672154,0.9682284903243766
2024-01-07 14:00:00,88.08696502797352,74.90882743495797,1.1281643795003768
2024-01-07 15:00:00,106.5655360863383,68.37584308245688,1.0557691060725125
2024-01-07 16:00:00,90.25318329772679,57.50297142563213,0.8888542043062968
2024-01-07 17:00:00,107.87084603742451,81.45471286295371,1.0246504778432004
2024-01-07 18:00:00,111.58595579007404,63.05213766618202,1.0498221748496785
2024-01-07 19:00:00,91.7931768164829,61.77300626521554,1.1140149038521265
2024-01-07 20:00:00,109.63376129244321,75.1128521600482,1.1580540686568375
2024-01-07 21:00:00,104.12780926936499,82.19876203169636,0.8984905808172131
2024-01-07 22:00:00,108.2206015999449,76.9213640925526,0.9189142488789661
2024-01-07 23:00:00,118.96792982653947,72.8195456002618,0.8742422141085384
2024-01-08 00:00:00,97.5461188399713,72.97377170832642,0.9765980140893019
2024-01-08 01:00:00,92.4626383564251,74.26707779390154,1.0466358374446334
2024-01-08 02:00:00,91.10485570374476,73.79464294893383,1.0987334516589102
2024-01-08 03:00:00,91.84189715034562,71.40595711984687,0.9924048976357477
2024-01-08 04:00:00,99.22898290585896,70.52100551975938,0.9680152476745156
2024-01-08 05:00:00,103.41151974816644,69.6870343605024,1.015175799224874
2024-01-08 06:00:00,102.7669079933002,66.23017705566662,0.9164857098369977
2024-01-08 07:00:00,108.27183249036024,68.59662461566613,1.2089538721694773
2024-01-08 08:00:00,100.13001891877907,61.535215929023074,0.8392338972881941
2024-01-08 09:00:00,114.53534077157317,69.50830186602624,1.0184740578895723
2024-01-08 10:00:00,97.35343166762044,65.05704446424541,1.202360621922964
2024-01-08 11:00:00,127.20169166589619,64.48205341392115,1.0006799844559997
2024-01-08 12:00:00,106.25667347765007,70.8994707557674,0.9809960964998505
2024-01-08 13:00:00,91.42842443583717,76.96001143172299,0.9642554577189573
2024-01-08 14:00:00,89.29107501938887,74.59158303001156,0.9819608318237593
2024-01-08 15:00:00,104.82472415243186,62.14749698188412,1.1372848474676531
2024-01-08 16:00:00,97.7653721467415,65.05185931714831,0.7788138088670493
2024-01-08 17:00:00,107.14000494092092,74.70385593994108,1.1533433701296325
2024-01-08 18:00:00,104.73237624573545,65.08756303230845,0.8576042847549855
2024-01-08 19:00:00,99.27171087343127,68.87683425001488,0.9733347670765585
2024-01-08 20:00:00,91.53206281931595,72.75026049512276,0.9570755579701338
2024-01-08 21:00:00,84.85152775314135,65.15827772568183,1.058855326977072
2024-01-08 22:00:00,95.53485047932979,70.5268775307298,0.8401875648116253
2024-01-08 23:00:00,108.56398794323472,63.32987252540898,1.0462172666081944
2024-01-09 00:00:00,102.14093744130204,66.99316178024394,1.2024309623286853
2024-01-09 01:00:00,87.54261221288012,71.59890967071269,0.8636825995407189
2024-01-09 02:00:00,101.73180925851182,62.03503133234165,1.0189706167610395
2024-01-09 03:00:00,103.85317379728836,72.20237368980199,0.933801782220339
2024-01-09 04:00:00,91.16142563798867,69.9018110053666,1.0425887206193036
2024-01-09 05:00:00,101.53725105945527,72.76244977208574,1.0019147777415751
2024-01-09 06:00:00,100.58208718446,71.11957067032331,0.935851309095569
2024-01-09 07:00:00,88.57029702169376,76.82070214986922,1.0487872284871074
2024-01-09 08:00:00,103.57787360348283,70.62612251323954,1.1804348109786744
2024-01-09 09:00:00,105.60784526368235,67.85297229437373,0.9809096208272702
2024-01-09 10:00:00,110.83051243175277,70.61148751516141,1.0719757942148183
2024-01-09 11:00:00,110.53802052034902,72.71649014518194,0.8706727042128837
2024-01-09 12:00:00,86.22330632042909,70.24430035162852,0.9043563623181992
2024-01-09 13:00:00,90.62174960084877,70.20295845601942,1.0472406277880377
2024-01-09 14:00:00,105.1503526720866,66.49004156096622,1.1484116028535964
2024-01-09 15:00:00,105.1378595091221,66.68549541224526,1.035561334878566
2024-01-09 16:00:00,105.15047686306048,62.98697364100153,0.9686941969476845
2024-01-09 17:00:00,138.52731490654722,78.74788371593469,0.9999291405423354
2024-01-09 18:00:00,105.70890510693167,63.780683823043574,0.8749592266030283
2024-01-09 19:00:00,111.35565640180599,66.53547401102047,1.0604515326355366
2024-01-09 20:00:00,109.54001763493203,66.40796367215401,1.0882333062323408
2024-01-09 21:00:00,106.51391251305797,74.47462188472221,0.954790966716692
2024-01-09 22:00:00,96.84730755359655,68.52525160853986,0.9529957852240498
2024-01-09 23:00:00,107.58969220493267,76.23871036336867,1.0265878229652048
2024-01-10 00:00:00,92.27174785462428,66.63254687878066,0.9563280263959404
2024-01-10 01:00:00,97.63181393259991,71.39497081111901,0.9933867385374178
2024-01-10 02:00:00,95.14636452170896,65.82326473370121,1.2099721789166515
2024-01-10 03:00:00,100.81874139386322,80.72574563886694,0.9752974299254004
2024-01-10 04:00:00,123.14658566673509,64.06200790485244,0.9641659847978777
2024-01-10 05:00:00,81.32734807408252,71.54910355113513,0.9352458194364841
2024-01-10 06:00:00,106.86260190374513,73.16888440466049,1.0744191971499937
2024-01-10 07:00:00,83.87284128810349,72.0689954872575,0.9818775826781897
2024-01-10 08:00:00,95.28068134210567,69.07356170561145,0.9350626961678574
2024-01-10 09:00:00,110.88950596967366,69.35089650133287,1.1321304032273012
2024-01-10 10:00:00,100.64280019095463,70.21905735989554,1.1419603004513637
2024-01-10 11:00:00,89.22255222070694,69.26498999185756,0.9399576434261295
2024-01-10 12:00:00,92.84696290740033,74.81939558397455,0.8133460048639384
2024-01-10 13:00:00,106.79597748934675,81.05261500795676,1.1007513689836923
2024-01-10 14:00:00,92.69633368282864,67.21254107496082,0.9315370174239996
2024-01-10 15:00:00,102.16458589581976,63.15098510210461,1.0790625599162769
2024-01-10 16:00:00,100.45571839903813,69.55858975824373,0.8029896182288164
2024-01-10 17:00:00,93.48399652394183,82.8985466882716,1.089259733829931
2024-01-10 18:00:00,121.43944089325325,65.98162716015135,0.8788828070719219
2024-01-10 19:00:00,106.33919022318011,78.19558402722033,1.0730764119066525
2024-01-10 20:00:00,79.74857413342393,78.3885040703822,1.0014273067836434
2024-01-10 21:00:00,101.86454314769428,67.23205879146003,0.9046060580603354
2024-01-10 22:00:00,93.38213535231613,72.84491539592638,0.9592963687073219
2024-01-10 23:00:00,108.52433334796224,78.14198311564269,1.06863184569567
2024-01-11 00:00:00,92.07479261567299,68.10436129506256,1.0105894453115234
2024-01-11 01:00:00,98.85263558533102,68.98209819948819,1.0584412980472484
2024-01-11 02:00:00,105.04987278980457,67.09159543025677,1.1976440584515486
2024-01-11 03:00:00,108.65755194170121,64.92621634653567,0.8435758388288949
2024-01-11 04:00:00,87.99703592944223,66.75361227466996,1.1617212574968625
2024-01-11 05:00:00,96.65498764159051,63.880298666188715,1.0104355937523213
2024-01-11 06:00:00,95.25054688839043,70.17041734129613,0.9101215951676872
2024-01-11 07:00:00,93.46670767426288,66.15013384470679,0.866968637426101
2024-01-11 08:00:00,117.65454240281096,71.16892955895374,0.9810879609222967
2024-01-11 09:00:00,104.04981710960955,62.22052176898186,1.092165011192446
2024-01-11 10:00:00,87.39116045664954,71.65440116107229,0.9872450879622465
2024-01-11 11:00:00,109.17861947054776,74.16764480804463,1.1511154930247347
2024-01-11 12:00:00,121.22156197012633,60.03132178714272,0.8548824309948441
2024-01-11 13:00:00,110.32465260551147,71.87028284923787,0.9987911052153945
2024-01-11 14:00:00,84.80630034045987,76.13834496236646,0.8747606555586881
2024-01-11 15:00:00,95.15765927133748,63.951794906543974,1.0363631882624968
2024-01-11 16:00:00,112.66911149186623,78.36286193418852,1.08868873900973
2024-01-11 17:00:00,92.92330534381219,72.09509504683022,0.9579238206318946
2024-01-11 18:00:00,104.43819428146229,66.47494072120796,0.7395786143372866
2024-01-11 19:00:00,107.74634053429337,69.72115461171147,1.0198948146796494
2024-01-11 20:00:00,90.73069528421917,72.7916345626086,1.0436738551733509
2024-01-11 21:00:00,99.404746439382,70.38002695706206,1.0404294754961698
2024-01-11 22:00:00,67.58732659930928,72.69377996223184,1.1235782191822155
2024-01-11 23:00:00,89.7561235866571,65.39663203460317,0.8928946320350951
2024-01-12 00:00:00,97.4743184860684,70.8468041201804,1.0680216105450449
2024-01-12 01:00:00,87.5221681803515,62.9314275154751,1.1192507512477974
2024-01-12 02:00:00,116.32411303931636,69.4438696932565,0.8221412415993483
2024-01-12 03:00:00,85.69858622039368,65.48046179267605,1.0319651825918976
2024-01-12 04:00:00,95.59955513303017,66.32235028705117,0.9495820168992328
2024-01-12 05:00:00,101.30740577286092,76.18046587605218,0.9918477326898354
2024-01-12 06:00:00,114.41273289066116,75.45655060297135,1.0347676483538337
2024-01-12 07:00:00,85.6413784882056,73.04569060453588,0.9512771435886448
2024-01-12 08:00:00,111.63163752154959,64.5384361766371,0.9324291920838388
2024-01-12 09:00:00,100.10233061019586,68.41795775152599,1.0034152417488025
2024-01-12 10:00:00,90.18491348952048,76.06548849989592,0.8912754061137197
2024-01-12 11:00:00,104.6210347426327,70.70858456819953,0.8914174871114815
2024-01-12 12:00:00,101.9905969557347,81.59664769990847,1.0679373282956504
2024-01-12 13:00:00,93.99783122841205,71.96658919697185,0.8851205964841344
2024-01-12 14:00:00,100.69802084990019,70.96024558245016,1.0666312500909212
2024-01-12 15:00:00,96.14686403138239,68.4544176789875,1.046259129285395
2024-01-12 16:00:00,101.13517345251248,70.66770452391141,0.8274193271209404
2024-01-12 17:00:00,106.62130674521046,69.23765081809728,0.9322435347664345
2024-01-12 18:00:00,115.86016816145352,73.54054338344295,1.1194109403047372
2024-01-12 19:00:00,87.62184501173151,74.78351158397292,0.9018834468860318
2024-01-12 20:00:00,121.33033374656267,66.07005269746026,0.9535595737690612
2024-01-12 21:00:00,80.47912200477498,63.343835232211106,1.0462060893251897
2024-01-12 22:00:00,98.48214904964416,60.818973134483514,1.0783390509282595
2024-01-12 23:00:00,105.88317206484577,72.53995663456271,0.9748461113955504
2024-01-13 00:00:00,102.80991867735032,64.48316696913064,0.9402489805308358
2024-01-13 01:00:00,93.77300480179406,59.23554703523759,1.1422369861698507
2024-01-13 02:00:00,97.91877749642725,71.94289302265481,1.173889966379758
2024-01-13 03:00:00,95.06999065341168,82.46499758716395,1.0978858050781795
2024-01-13 04:00:00,94.10635243055789,69.96964544230053,1.0085318142565025
2024-01-13 05:00:00,108.49602097021025,74.19245387225821,0.9191734278359074
2024-01-13 06:00:00,103.57015485965047,70.40914679273783,0.9169555593443435
2024-01-13 07:00:00,93.07090404739346,69.50555173404429,1.0522514105265757
2024-01-13 08:00:00,108.9959987543325,74.59538241493884,1.0418398220888683
2024-01-13 09:00:00,103.07299520876609,68.54862727905675,1.140159859294643
2024-01-13 10:00:00,108.1286211883896,71.33696157035952,1.065045009253614
2024-01-13 11:00:00,106.29628841923612,71.60848903098007,0.8496919698240182
2024-01-13 12:00:00,91.71004989077927,66.65954773178476,1.105194761772292
2024-01-13 13:00:00,94.3981895980303,74.96021174768262,0.9001939372685587
2024-01-13 14:00:00,107.47293605123262,69.12520121652295,0.9616028728047649
2024-01-13 15:00:00,106.10370265433465,66.22127420253578,1.0250200206251694
2024-01-13 16:00:00,99.79098406035853,72.68254921785201,1.1995667489783965
2024-01-13 17:00:00,101.17327383308782,65.50766009104481,1.3109918556005362
2024-01-13 18:00:00,112.77664895788425,70.14090578684564,1.0606723059136183
2024-01-13 19:00:00,94.0842861116417,69.95440501677898,0.9816803381279612
2024-01-13 20:00:00,105.47097381170038,75.42947782915789,1.053450564848055
2024-01-13 21:00:00,97.97807347566106,72.37349116439977,1.0887655425873837
2024-01-13 22:00:00,97.82318796772779,69.87486520627428,0.9679332374442808
2024-01-13 23:00:00,110.9877685198719,74.08883149600143,1.1795211355912323
2024-01-14 00:00:00,108.2541634898803,76.95103774508657,1.0230070759191403
2024-01-14 01:00:00,108.13509636000639,72.78905153175931,1.0497743089091394
2024-01-14 02:00:00,113.05478807154329,70.0517630992169,1.0665924252054462
2024-01-14 03:00:00,100.21003841632759,63.4408188382492,1.0421586610614455
2024-01-14 04:00:00,106.81952971294965,64.67443168462313,1.0838940500469612
2024-01-14 05:00:00,96.89733243406543,68.47387647822666,0.9382746813453077
2024-01-14 06:00:00,103.24166352488442,66.95243898920359,0.9441698246053969
2024-01-14 07:00:00,98.69856945632316,69.06514348507277,0.8899845767028305
2024-01-14 08:00:00,100.96995964992718,70.28324962448553,1.0439501230620227
2024-01-14 09:00:00,105.95157025436913,72.64846377178365,1.0778936503512113
2024-01-14 10:00:00,91.81779316766527,69.64750610970454,1.0457772866151887
2024-01-14 11:00:00,120.9238727568546,72.43250821913101,1.1674492433347536
2024-01-14 12:00:00,89.93982618500299,70.3223720740506,0.9994403981170954
2024-01-14 13:00:00,87.85811387212269,60.12266716823064,1.0668741655592513
2024-01-14 14:00:00,111.58110873500068,65.30332303090623,0.8908299123860686
2024-01-14 15:00:00,107.91662693962935,69.27956222139193,0.96129002975256
2024-01-14 16:00:00,106.24119817052156,63.951526285794465,1.0695537757565778
2024-01-14 17:00:00,106.2834550926428,72.99964364998102,1.0849102110743143
2024-01-14 18:00:00,99.87753227153085,77.65375416171848,0.9706033052335817
2024-01-14 19:00:00,91.02745628514168,76.09380925848659,0.9928400748141933
2024-01-14 20:00:00,100.75804558193727,68.93278564534896,0.8482126253319191
2024-01-14 21:00:00,93.22838288487888,77.45363068424976,0.9642970799193391
2024-01-14 22:00:00,109.7511973341775,70.74333728601056,1.0890383163519786
2024-01-14 23:00:00,98.52942618497862,68.3145701444098,1.0575205016106566
2024-01-15 00:00:00,91.74502803207488,66.93298668229531,1.050066572138121
2024-01-15 01:00:00,96.78614158347007,68.48765156755935,1.004977368718096
2024-01-15 02:00:00,104.12931454275625,68.05911590729386,1.0007063158628176
2024-01-15 03:00:00,94.36275447196026,70.85208111187744,0.9339678860526552
2024-01-15 04:00:00,91.77779604433569,70.80286990524932,1.0698828420202535
2024-01-15 05:00:00,102.43687211491913,70.01523010076707,1.042097294438939
2024-01-15 06:00:00,102.44966571108722,72.18469084873175,1.04920188479928
2024-01-15 07:00:00,94.9305682462887,75.9532313739317,0.947396515733242
2024-01-15 08:00:00,95.28961694381677,74.74777067720662,0.7846657080128756
2024-01-15 09:00:00,102.32049937357637,62.575510157750486,1.1097152711753695
2024-01-15 10:00:00,85.51915658502676,57.230394325490224,0.9521162543991596
2024-01-15 11:00:00,85.92536225623445,74.67159955619637,0.9137224235956879
2024-01-15 12:00:00,92.81555778747564,63.165606507922895,1.0693478911913994
2024-01-15 13:00:00,97.86552848288153,68.87617299053659,0.9607987360080871
2024-01-15 14:00:00,103.10907565598005,64.1494348697032,1.1059936384046622
2024-01-15 15:00:00,114.75356216949552,60.990097812099904,1.0617005949576697
2024-01-15 16:00:00,108.5765962320202,72.70731364102394,1.0683569323200477
2024-01-15 17:00:00,98.40061470036574,73.79577580151323,0.8634044288799465
2024-01-15 18:00:00,99.80983792097311,67.11744799636641,1.1211943985386401
2024-01-15 19:00:00,89.97470635362191,57.04478853927545,1.0261250531233856
2024-01-15 20:00:00,99.8148686400761,67.26877775873758,0.9630722860753796
2024-01-15 21:00:00,97.11341361079862,71.95902002701273,1.0143388467342251
2024-01-15 22:00:00,103.22718560338089,62.60544215612936,0.822376476710168
2024-01-15 23:00:00,91.72769056447677,70.91679959889578,1.0408652811480672
2024-01-16 00:00:00,105.19346514241172,69.92345075413502,0.8970628491817928
2024-01-16 01:00:00,115.32738913002578,72.89645749800545,0.8647329714156465
2024-01-16 02:00:00,98.91239851543142,70.59790184207077,0.8477640813782109
2024-01-16 03:00:00,104.01711722098942,65.13465529559222,1.1112688374989925
2024-01-16 04:00:00,106.90143991711112,75.98285750832245,0.9370736606307212
2024-01-16 05:00:00,95.98779528114164,69.20735213486515,1.15337277099165
2024-01-16 06:00:00,102.24092481810416,69.86347730245033,0.9464198536947702
2024-01-16 07:00:00,100.12592400781794,65.33366020463401,0.8292642042407053
2024-01-16 08:00:00,100.97676098548831,67.78358874404245,0.888347556005134
2024-01-16 09:00:00,92.26990216144533,65.5759864298655,1.123581162000694
2024-01-16 10:00:00,100.24510174258943,69.13526970038288,0.9844101822063333
2024-01-16 11:00:00,104.9799829124545,78.55854240071172,0.94517127035094
2024-01-16 12:00:00,114.51143607795042,63.140494285343216,1.0160018225852787
2024-01-16 13:00:00,109.59270826085206,61.932193010616295,1.0501782736167544
2024-01-16 14:00:00,121.53182457511556,77.35585163746805,1.1117398815902462
2024-01-16 15:00:00,92.3265243711195,68.95338161424067,1.1448499229892926
2024-01-16 16:00:00,108.72320636720679,66.65463630670041,0.9640231354210914
2024-01-16 17:00:00,101.83342005738352,75.19952343698039,0.8673952313917962
2024-01-16 18:00:00,121.89802933217672,66.97192230131569,0.9586534838876724
2024-01-16 19:00:00,91.91701714644849,79.13004856773468,1.0260280506582886
2024-01-16 20:00:00,91.60278157819224,73.38962935669635,0.903624107378939
2024-01-16 21:00:00,94.00607354555977,67.56044295927148,0.9042849085104957
2024-01-16 22:00:00,78.76104275690193,80.78654106632752,1.0343787881549886
2024-01-16 23:00:00,94.74244978319238,66.9714253849833,0.9951347648429549
2024-01-17 00:00:00,92.40867338446301,73.71047686004654,1.0032796995411586
2024-01-17 01:00:00,101.50393786476208,71.49646290203246,0.9241504665299931
2024-01-17 02:00:00,103.4175597577716,76.50870644699398,0.9769599285794233
2024-01-17 03:00:00,118.76170839215887,77.80755598363426,0.9075766855731695
2024-01-17 04:00:00,109.5042383818605,70.16002074532884,1.0890198411124787
2024-01-17 05:00:00,94.23096344337597,66.23291064826908,1.1035249334723753
2024-01-17 06:00:00,91.01585328651642,72.29986071469558,0.8153812137761907
2024-01-17 07:00:00,104.91919171506505,66.61142315123946,0.9070489139807589
2024-01-17 08:00:00,86.79766792979358,80.06693623763312,0.8503470744909921
2024-01-17 09:00:00,118.31458765854353,70.68267665541369,0.9349976065593102
2024-01-17 10:00:00,111.79440120721287,68.17339224343945,0.9916562030209639
2024-01-17 11:00:00,95.30824347895295,70.92340152932454,0.855035478030147
2024-01-17 12:00:00,82.86865470909123,63.26436855235152,0.9078140186874687
2024-01-17 13:00:00,113.53872374165412,65.14192980744674,0.8996042627918501
2024-01-17 14:00:00,98.85460154747382,76.00206953972213,1.0207267329398944
2024-01-17 15:00:00,112.37816311973462,66.71552860514302,1.006934433703625
2024-01-17 16:00:00,84.05572341205632,64.7654450865903,0.9278262446662746
2024-01-17 17:00:00,94.00624977046228,72.68326376263643,1.0176820872139398
2024-01-17 18:00:00,100.05243699718183,75.92852077331499,0.9453319915412735
2024-01-17 19:00:00,100.46980593764742,73.59476655332533,0.9728344889673947
2024-01-17 20:00:00,95.49934528520757,74.98023842902909,1.1673452090298537
2024-01-17 21:00:00,106.22849932347499,66.21602455715269,1.1340461051790347
2024-01-17 22:00:00,89.32379570617405,62.89094666629078,0.8700418763072402
2024-01-17 23:00:00,98.57620514978707,77.50666825977743,1.0829732417879174
2024-01-18 00:00:00,101.20295631711899,68.38660080578933,1.0811396554491592
2024-01-18 01:00:00,105.14438834058748,68.74583491772476,0.8851736711247382
2024-01-18 02:00:00,107.11614878088889,76.6409707092453,1.081877764375486
2024-01-18 03:00:00,88.75357908162131,72.7811500470033,1.1537931918412552
2024-01-18 04:00:00,84.65885829264377,72.27943886040804,0.8877455193755586
2024-01-18 05:00:00,112.7767682189851,80.82501172450542,0.9082497178985737
2024-01-18 06:00:00,103.32314011979592,66.78240884809928,1.1017661466843502
2024-01-18 07:00:00,92.51513463443446,74.63920064040619,1.027149531082565
2024-01-18 08:00:00,115.51151975522524,70.28506562448543,1.0551476275239524
2024-01-18 09:00:00,101.15674634292859,71.34296139431629,1.0340589216400498
2024-01-18 10:00:00,111.79297184063826,77.64234213206265,1.0390695920928144
2024-01-18 11:00:00,100.67518481410109,72.53917878144811,0.8673527871688917
2024-01-18 12:00:00,120.60747924881987,72.69148039524816,1.104731770662145
2024-01-18 13:00:00,117.55340842443204,75.362536686549,1.1169589992427773
2024-01-18 14:00:00,97.51035851520926,68.17523635228558,0.9770609255931972
2024-01-18 15:00:00,109.71570950954356,65.80395166330497,0.9956523050186138
2024-01-18 16:00:00,106.45375949585147,64.77595402989483,0.8468892497444278
2024-01-18 17:00:00,113.68631557532349,60.16821705311999,1.0514254756017836
2024-01-18 18:00:00,90.35076539419896,80.28103564970161,1.0572057441714144
2024-01-18 19:00:00,106.8605145999844,64.48395817139158,0.9937808983000689
2024-01-18 20:00:00,110.58424486849587,68.89373188207114,1.1124353359870502
2024-01-18 21:00:00,82.41260513576886,68.6159335005554,0.966592276902006
2024-01-18 22:00:00,88.16741487334225,71.5370334890455,1.05646059258936
2024-01-18 23:00:00,79.60767822239899,74.07868606269648,0.8980335661307884
2024-01-19 00:00:00,97.30593165555442,74.30236744179872,0.9976447849125762
2024-01-19 01:00:00,107.17542255795962,67.08461280715531,0.9825645742097164
2024-01-19 02:00:00,115.02357052096028,69.16439143106794,1.0225307922040943
2024-01-19 03:00:00,100.74094780419775,71.4128997524415,0.9630473071166641
2024-01-19 04:00:00,116.28615545571292,68.75654436908226,0.9868527404328332
2024-01-19 05:00:00,86.19898541785109,78.03672788009996,1.0826047171441506
2024-01-19 06:00:00,82.96617560644845,72.45487475819125,0.9563235762761783
2024-01-19 07:00:00,99.44452301103381,73.67438893024908,0.839342289926132
2024-01-19 08:00:00,103.84065448939307,73.31440634333707,1.174958390420542
2024-01-19 09:00:00,99.67305251905907,75.86736928742663,1.1381454078690487
2024-01-19 10:00:00,79.32557899960123,70.90510779351854,0.8707737304894381
2024-01-19 11:00:00,99.10879960487212,63.51584026022077,1.0689707805245194
2024-01-19 12:00:00,86.95530499495146,71.99843975876321,0.9497025229448657
2024-01-19 13:00:00,106.69672548830039,66.74321553104086,1.026348721533106
2024-01-19 14:00:00,103.66598246096848,67.35691659125122,1.0294224129013494
2024-01-19 15:00:00,90.60120213672644,72.93182009377547,0.9765592199683678
2024-01-19 16:00:00,94.86133082663306,76.19141535716818,0.9216234334413603
2024-01-19 17:00:00,89.40786478111049,70.1063578836803,0.9309458947683741
2024-01-19 18:00:00,99.37320902726829,71.54416506299482,0.9083808084518757
2024-01-19 19:00:00,109.55142320501238,78.5110747231762,0.9168177791769555
2024-01-19 20:00:00,90.14273953664457,71.20376589744284,0.9932821709950644
2024-01-19 21:00:00,105.04046515517844,83.00841557090197,0.9284240010889249
2024-01-19 22:00:00,94.69742381627559,72.82754822815772,1.068205206571262
2024-01-19 23:00:00,92.07127167737656,61.19618620422091,1.1487246155335926
2024-01-20 00:00:00,98.92969640045442,73.76670810552267,0.9419946758629957
2024-01-20 01:00:00,89.64757677580626,71.90579192441389,1.0239404500535376
2024-01-20 02:00:00,94.46350694652818,76.44876377041373,1.0499685110302934
2024-01-20 03:00:00,88.02122107411151,73.36590675634979,1.0472002270919274
2024-01-20 04:00:00,119.6472513291639,69.30772008008113,1.0075955267916088
2024-01-20 05:00:00,100.35263551971728,63.87850881855317,1.0742682418359721
2024-01-20 06:00:00,93.00274492007415,68.95488371356987,1.0482248952680657
2024-01-20 07:00:00,102.13979910734221,65.7473977289535,0.8762337577672702
2024-01-20 08:00:00,98.8767195030917,67.09738275097638,1.0869156064389274
2024-01-20 09:00:00,97.79030400466777,72.94289202210305,1.0887290837266743
2024-01-20 10:00:00,106.14166700043425,78.34952252175702,0.9236713895821418
2024-01-20 11:00:00,107.57507710047305,71.9733576491149,1.0037937835447601
2024-01-20 12:00:00,94.69498852389472,64.02058468982408,1.068332899281107
2024-01-20 13:00:00,94.2418175935532,72.22301334110071,0.9790686180420638
2024-01-20 14:00:00,97.24948302848355,75.98315743322826,1.1072978047766011
2024-01-20 15:00:00,76.98078835264415,66.95108547840309,1.2363872494619361
2024-01-20 16:00:00,84.84808937801448,69.3299141666354,0.9214013967365018
2024-01-20 17:00:00,113.66874267444524,70.07344097364599,0.8618955396846225
2024-01-20 18:00:00,116.44967713501283,66.0755084345888,1.0303818595604877
2024-01-20 19:00:00,97.50963960443622,73.2414021692193,1.0721562505126143
2024-01-20 20:00:00,105.76556963055766,69.3952592569611,0.9769133626155231
2024-01-20 21:00:00,103.11250154543536,72.09766221953514,1.1453260663321034
2024-01-20 22:00:00,130.7888080845524,65.5625391109895,0.8661394200276751
2024-01-20 23:00:00,111.19574911434577,67.81270849838295,1.069291862303161
2024-01-21 00:00:00,98.72082408519233,73.61190678913886,0.9394139179241107
2024-01-21 01:00:00,90.44459559399574,68.13583423954117,1.1719377906207296
2024-01-21 02:00:00,83.93553679742428,78.63481925616702,1.1992515353168118
2024-01-21 03:00:00,102.03463635867223,68.00181907192699,0.9233343412216652
2024-01-21 04:00:00,92.43649254715697,71.12342362875943,0.945044286409142
2024-01-21 05:00:00,85.77746290402325,74.66295415936546,1.0859587886979802
2024-01-21 06:00:00,93.53427115757474,62.90817133533484,0.9612869350210486
2024-01-21 07:00:00,89.18451996385605,61.19595594009612,0.9954588782067761
2024-01-21 08:00:00,116.87141635072564,62.371718427149524,1.002538842054241
2024-01-21 09:00:00,108.81639756949451,76.31292051713591,0.8080326843802343
2024-01-21 10:00:00,99.92027358683383,67.24070927053776,0.9986162253905763
2024-01-21 11:00:00,114.79944138890026,82.79099642834126,0.9310272225935826
2024-01-21 12:00:00,100.77368307647619,67.17876200671306,0.9506877177600228
2024-01-21 13:00:00,91.38715798671737,70.92275651598518,1.1443632003468813
2024-01-21 14:00:00,115.23124077269657,77.71054976283938,0.8743493105720743
2024-01-21 15:00:00,105.38910043684659,80.03046444079561,1.0813205186747976
2024-01-21 16:00:00,89.62753845673544,80.30751788318199,0.9721037069668191
2024-01-21 17:00:00,98.09661321916391,76.04183115296571,0.9720239831504166
2024-01-21 18:00:00,91.24381746615242,75.12031262905731,1.0790371896051711
2024-01-21 19:00:00,86.17200269035663,72.96263474600592,1.034005129456889
2024-01-21 20:00:00,109.26177547531641,73.89180538083319,1.057061299721953
2024-01-21 21:00:00,119.0941664047013,67.24407141835734,1.096818466053286
2024-01-21 22:00:00,86.01432426180858,65.90900558288847,0.9668691616816677
2024-01-21 23:00:00,105.62969236690572,69.98312771294523,0.9387763265492249
2024-01-22 00:00:00,93.49357430878173,69.14907688737536,0.8914849473442201
2024-01-22 01:00:00,95.12874616235304,67.73385975336362,0.9174589470021045
2024-01-22 02:00:00,94.07606075761132,73.48193723728357,1.2949094425308725
2024-01-22 03:00:00,91.36009230320184,74.77652604285255,1.1244679580736787
2024-01-22 04:00:00,100.48521627944827,70.44203443145923,0.8648925633791978
2024-01-22 05:00:00,91.69049883588963,77.3876504052763,0.867754204325643
2024-01-22 06:00:00,102.70456825779839,64.29155442933248,1.0481866061718492
2024-01-22 07:00:00,99.49761890550863,69.03170270360141,1.0547264797377967
2024-01-22 08:00:00,97.6105195313359,66.41588839698598,1.0548883835317364
2024-01-22 09:00:00,90.92436337958402,60.667316914634696,0.9745044206446302
2024-01-22 10:00:00,94.23228669431667,69.5865965707865,0.9874545739997099
2024-01-22 11:00:00,107.55391225825755,69.39126245808359,1.0327879524159358
2024-01-22 12:00:00,105.00917187624381,77.56724871621066,1.008589300629333
2024-01-22 13:00:00,90.22444755201448,73.15405842277389,0.7780699627252465
2024-01-22 14:00:00,100.99332305429226,64.87906587835397,0.9770200369424806
2024-01-22 15:00:00,107.5138712337179,79.27046283167094,0.9148593565739687
2024-01-22 16:00:00,83.30594718878629,76.10516847762676,1.0175211418908512
2024-01-22 17:00:00,105.43360192379934,72.91048851734308,1.298525900260341
2024-01-22 18:00:00,93.37376241054153,68.86757950575084,1.0367481665474305
2024-01-22 19:00:00,105.70598668593159,65.2028038163826,0.9686470313827602
2024-01-22 20:00:00,92.36740843457483,68.13896611964473,1.0921801501977253
2024-01-22 21:00:00,81.9511789933548,75.44374309852093,1.0482687887209212
2024-01-22 22:00:00,83.72457562116837,79.42293152967305,1.042009449045184
2024-01-22 23:00:00,100.48084946661382,77.71621764136094,1.060685059321567
2024-01-23 00:00:00,102.59722501721483,67.55575289106864,1.2056543564829543
2024-01-23 01:00:00,90.95683374895592,64.40191283355495,0.8869111564674084
2024-01-23 02:00:00,106.38592458777374,70.70443123455603,1.0473632076811454
2024-01-23 03:00:00,83.3847993773104,61.157803172185744,0.9073618870018462
2024-01-23 04:00:00,99.33920201352683,71.61583857092391,1.0555512646342249
2024-01-23 05:00:00,87.88983800237543,69.26198706850666,0.9081313488513906
2024-01-23 06:00:00,93.4816389219784,67.66981749065879,0.9582633186394915
2024-01-23 07:00:00,100.47398671316414,62.026484663666025,0.9704910085762094
2024-01-23 08:00:00,91.39586634716048,72.56800053284859,1.0975816719344709
2024-01-23 09:00:00,96.15444455770175,67.33649580169045,1.0918454443942414
2024-01-23 10:00:00,110.0629280921444,64.15041582144856,0.8754282623553615
2024-01-23 11:00:00,94.23108130476851,55.63868893359175,1.005493411099985
2024-01-23 12:00:00,108.35692112065142,69.86242547474681,0.9290420145250827
2024-01-23 13:00:00,88.70293145342382,78.86125798334872,0.8741495089324666
2024-01-23 14:00:00,105.29804177915283,78.30629607273934,0.9782982949575629
2024-01-23 15:00:00,114.41568620657901,67.71451871706864,0.969151721154418
2024-01-23 16:00:00,75.28355499872711,66.9889396981911,1.2426716486345524
2024-01-23 17:00:00,92.03104744529523,72.34387128037511,1.0432959825360697
2024-01-23 18:00:00,105.7707212718054,65.00807280405854,0.8622382499245762
2024-01-23 19:00:00,97.96954613957007,71.50895949909733,0.9435225995829057
2024-01-23 20:00:00,103.71145873371309,73.83040139192344,1.1021383295429399
2024-01-23 21:00:00,93.9601481328418,76.13466611942154,1.2088442772869925
2024-01-23 22:00:00,100.865897874729,69.49922961760024,0.8414016687762041
2024-01-23 23:00:00,98.44322764607921,68.98163124911517,0.8120075614860955
2024-01-24 00:00:00,111.67782061659807,65.61008706621719,1.1870965175371782
2024-01-24 01:00:00,102.54420843301213,65.8655982298007,1.0389614177370903
2024-01-24 02:00:00,103.37602662075201,68.86760554049236,0.9131707268123633
2024-01-24 03:00:00,95.88123033877532,71.8368275340809,1.0534629086122436
2024-01-24 04:00:00,95.12393775927507,74.56792313116625,0.7364252260983122
2024-01-24 05:00:00,95.6744181218038,65.98410524659828,1.000337550659716
2024-01-24 06:00:00,103.94452142378297,77.46344284479761,1.0327821172843086
2024-01-24 07:00:00,95.79015519179737,68.64438199478715,1.092427013953783
2024-01-24 08:00:00,102.89774856896413,69.89316352825782,0.8986104047707462
2024-01-24 09:00:00,120.75400798645438,66.26394160426088,1.0085687161403358
2024-01-24 10:00:00,108.71124703431693,57.87879869863529,0.9074575373940412
2024-01-24 11:00:00,96.73976467832159,74.42022698180524,1.0255383755674317
2024-01-24 12:00:00,112.01213922163944,73.68421948546217,0.9104653677636976
2024-01-24 13:00:00,95.91924626978448,68.59336221440893,0.959189916083978
2024-01-24 14:00:00,79.61875464822145,70.33495358612436,0.9004184605209771
2024-01-24 15:00:00,89.91913689082595,72.57969608852049,1.0651136241823658
2024-01-24 16:00:00,81.29208078974145,62.18727071556729,1.0858451116656664
2024-01-24 17:00:00,96.48486515958692,67.35473661326853,0.9765379430042587
2024-01-24 18:00:00,100.18418379189552,73.97132339810913,1.0038237994960029
2024-01-24 19:00:00,116.76437312275283,63.72855288415376,0.8551408585366456
2024-01-24 20:00:00,103.26927373764163,71.46778966083315,0.9700323351993213
2024-01-24 21:00:00,97.80899471191135,63.21709097688297,0.9949795382958255
2024-01-24 22:00:00,108.2940558118349,72.33214991216764,1.2620793091029976
2024-01-24 23:00:00,77.88864690992115,69.82179258851258,0.8888032974225837
2024-01-25 00:00:00,102.35614558108566,61.92434092047245,1.1464177238752438
2024-01-25 01:00:00,107.70865193886966,75.82369677228586,1.0996858773465807
2024-01-25 02:00:00,85.21413754220158,66.32704211600975,1.0280636404490135
2024-01-25 03:00:00,111.43754043206928,65.9487378149281,1.1758620484195133
2024-01-25 04:00:00,103.38496407494414,71.00284598615471,1.0372105472606863
2024-01-25 05:00:00,95.84712086099199,75.74318674714358,1.038915919566793
2024-01-25 06:00:00,106.32781866106285,64.92089090510801,0.9946879346982455
2024-01-25 07:00:00,122.70692857804396,70.30839924923986,1.1223568882418626
2024-01-25 08:00:00,101.81866255058495,72.14408250165286,1.1096469233810884
2024-01-25 09:00:00,102.48220586300336,73.46552803631572,0.9374322712503788
2024-01-25 10:00:00,95.40639100459757,70.88220777638612,0.8680752805401233
2024-01-25 11:00:00,91.50155630535208,68.16486080458338,0.9797019362604343
2024-01-25 12:00:00,108.30335816544246,65.8620488967564,0.9199961435602353
2024-01-25 13:00:00,91.43916174091133,70.43071941523188,0.9936475425384645
2024-01-25 14:00:00,100.71566237219392,64.63930494007197,1.123743813468414
2024-01-25 15:00:00,95.22342553234883,55.39324758252697,0.954269834491321
2024-01-25 16:00:00,104.78979825746391,72.18279902078834,0.9957176618688425
2024-01-25 17:00:00,103.33662105286949,74.51967420543097,1.0058022734808396
2024-01-25 18:00:00,110.375399442579,58.185337822290805,1.0848430882205284
2024-01-25 19:00:00,94.89983601145254,64.95134647645031,0.7753110666015395
2024-01-25 20:00:00,97.30125064706628,73.09577130502599,0.9393299705234703
2024-01-25 21:00:00,90.21236284217693,80.2874773485585,1.0211283692279474
2024-01-25 22:00:00,95.55706739923889,70.10396853837705,1.1200078956426862
2024-01-25 23:00:00,103.77300493044852,66.35998529385432,0.9508097552493795
2024-01-26 00:00:00,107.56988616645351,69.0855177944758,0.8123447293958126
2024-01-26 01:00:00,90.77834675822375,76.87438209574093,1.0619711445966136
2024-01-26 02:00:00,108.6960592010566,66.77017910437732,0.9364637611174371
2024-01-26 03:00:00,113.55637858804951,66.00403996674873,0.8810333340909638
2024-01-26 04:00:00,104.13434903223701,67.58628238908983,0.9375654610286775
2024-01-26 05:00:00,118.76795812558066,65.23335695870644,0.9815474642344151
2024-01-26 06:00:00,92.26210800896428,70.61335157997398,0.9395255335461787
2024-01-26 07:00:00,87.55345296688583,78.1233922923478,0.7794433942900931
2024-01-26 08:00:00,82.21279751095722,71.61539636558014,1.0897066196887133
2024-01-26 09:00:00,114.96044311489183,68.73823248936856,1.1274875041278722
2024-01-26 10:00:00,106.54365656354058,68.54094365542228,1.0651521991339505
2024-01-26 11:00:00,99.44415329089544,62.18404595651671,0.8862314329575183
2024-01-26 12:00:00,102.7996862631982,74.4155488857358,0.9798508466052482
2024-01-26 13:00:00,88.74510952701624,69.610814014936,0.9993478684770541
2024-01-26 14:00:00,124.45751979616827,69.09760043204687,1.059879438956191
2024-01-26 15:00:00,101.29221181975228,85.96553783922431,1.066834048871808
2024-01-26 16:00:00,101.09394794604893,71.49376454182843,0.9265826201221504
2024-01-26 17:00:00,107.25766623898691,66.24104474952408,1.008199555641356
2024-01-26 18:00:00,104.81009231736714,67.86821201897229,1.0457280404615241
2024-01-26 19:00:00,102.23884024279131,75.74222854598378,1.1455822322146767
2024-01-26 20:00:00,92.09525544554688,70.56635205268883,1.0704506539824723
2024-01-26 21:00:00,104.71468357135996,62.80861010841316,1.0789056687375518
2024-01-26 22:00:00,118.82024496475034,74.59614467287602,1.0083826627929362
2024-01-26 23:00:00,113.45420046154977,66.65927957230502,1.1410459145203504
2024-01-27 00:00:00,115.93186626639397,79.36648888108773,1.0409762795959496
2024-01-27 01:00:00,94.88784323568815,75.40024032857325,0.913891208982643
2024-01-27 02:00:00,90.1039517974142,67.76339052170624,1.140336997012519
2024-01-27 03:00:00,98.74213079900352,76.40508180867556,1.0697903272539027
2024-01-27 04:00:00,100.55724912288694,70.33927755263701,0.9556955978871517
2024-01-27 05:00:00,110.94191518470949,74.2638683756111,0.9520507032600757
2024-01-27 06:00:00,83.0753537028518,72.42366408647237,1.0296575545140763
2024-01-27 07:00:00,115.29550319460614,65.76821672504563,1.0463184795267584
2024-01-27 08:00:00,98.4199210142101,66.7822508384127,1.0197292265631206
2024-01-27 09:00:00,95.7311893005258,75.1498040879058,1.0311308673442885
2024-01-27 10:00:00,89.87895624739832,68.3261233394673,1.1699957374576382
2024-01-27 11:00:00,83.4514332813423,67.98175768379002,1.1071543152234886
2024-01-27 12:00:00,108.23170583961914,65.22438710325324,1.0190635591265025
2024-01-27 13:00:00,100.73317967188405,72.11799532796731,1.0941310580767483
2024-01-27 14:00:00,87.10039100258946,80.31262459621573,0.896747609647246
2024-01-27 15:00:00,87.04921227936384,64.66233542872864,1.039792704994681
2024-01-27 16:00:00,96.64215300709871,70.1210972833638,1.180930634973311
2024-01-27 17:00:00,116.69021525289392,77.06110277707714,0.9781954104607626
2024-01-27 18:00:00,97.40408648636395,69.60179304377142,0.9152366071380915
2024-01-27 19:00:00,84.96857046881894,72.26185898124866,0.9347911111406939
2024-01-27 20:00:00,97.54256935914056,64.6880323592656,0.8910366962657612
2024-01-27 21:00:00,97.2727643025233,72.14153548603824,0.9215238091872296
2024-01-27 22:00:00,73.03113357058429,69.06427867497726,0.9629491901409971
2024-01-27 23:00:00,99.45705133482188,74.92864997839932,0.8594432980821358
2024-01-28 00:00:00,97.69065469791322,75.93693025782376,1.0015618333949603
2024-01-28 01:00:00,106.96206364813418,82.94781821009308,1.0902277173786648
2024-01-28 02:00:00,118.48956094945345,72.89816586606788,0.909224381985308
2024-01-28 03:00:00,111.26565029547757,71.62898158291084,1.151928392364177
2024-01-28 04:00:00,97.3111130944517,70.97192150788668,1.0510792088527594
2024-01-28 05:00:00,88.9347409125833,68.23416853594655,1.1030580585624057
2024-01-28 06:00:00,125.7335980324986,71.69241921730845,0.9342165446147863
2024-01-28 07:00:00,100.59218434014488,68.52299294930485,1.0854525227066616
2024-01-28 08:00:00,100.13929291912946,70.84230488134807,0.8908066099604687
2024-01-28 09:00:00,99.75874912889996,76.5879876780398,1.089024750083651
2024-01-28 10:00:00,101.98084760767856,64.96728717360179,1.0171839339793531
2024-01-28 11:00:00,98.55639588076058,75.69939280564523,1.0553251219984783
2024-01-28 12:00:00,94.26337993119763,76.58557533669932,0.8824405394375148
2024-01-28 13:00:00,94.53141058759608,69.40965736504461,0.9104930157723395
2024-01-28 14:00:00,99.67246729784002,59.390725504957025,1.0597228218253385
2024-01-28 15:00:00,94.56575228866235,66.96089006452783,0.9051651995775799
2024-01-28 16:00:00,92.87154217322836,76.48497273280555,1.0463206292099123
2024-01-28 17:00:00,101.06430227691897,69.88565968850558,0.8632862193539754
2024-01-28 18:00:00,97.45022782579144,65.00348883852544,1.0848174212666668
2024-01-28 19:00:00,115.0399298858269,67.47612539385891,0.8767476685231491
2024-01-28 20:00:00,73.49030191606988,74.20310013252276,1.0552299937679523
2024-01-28 21:00:00,110.91506851922462,72.73366784100689,1.0625630933646
2024-01-28 22:00:00,112.4608519249763,68.80533950415153,0.9303228181570425
2024-01-28 23:00:00,79.2660976759185,68.16587794092656,1.0582026567084726
2024-01-29 00:00:00,96.57312405919652,68.0412092547809,1.0260442263333556
2024-01-29 01:00:00,96.28559134004209,65.38794907750749,0.9461158143807262
2024-01-29 02:00:00,85.92488305282178,78.07687844734721,0.8991445315923792
2024-01-29 03:00:00,92.22183312409125,68.3883976539433,0.8037374308327421
2024-01-29 04:00:00,88.89424154534171,76.08579260412748,1.0349650047299694
2024-01-29 05:00:00,117.52270443423623,77.60658025961226,0.8435197228637945
2024-01-29 06:00:00,109.35678393147461,74.9915544907398,1.0095344199441307
2024-01-29 07:00:00,112.71555094994159,67.84189843640976,0.9736551783917751
2024-01-29 08:00:00,107.21672064043236,72.01865045168304,1.0679142775438195
2024-01-29 09:00:00,88.70948228782771,69.87902196804542,0.9697954500510135
2024-01-29 10:00:00,94.75479733720226,65.48149069634935,0.9670552213652909
2024-01-29 11:00:00,104.89374561227918,71.62179640860802,1.0731870704288295
2024-01-29 12:00:00,87.77872191108054,64.10480104420098,1.0335058029084117
2024-01-29 13:00:00,107.12998430172388,75.93839694230782,1.0316155957182778
2024-01-29 14:00:00,97.59674601841866,67.67691351350804,1.0469267589808526
2024-01-29 15:00:00,96.25179192450402,71.0057982793642,0.8464427876792894
2024-01-29 16:00:00,107.10959968203491,71.41643935773071,1.0756788679986982
2024-01-29 17:00:00,104.4426331148604,68.70547513147962,1.0612468794013603
2024-01-29 18:00:00,96.3903383418092,72.93346900737637,0.8983316871423502
2024-01-29 19:00:00,111.59329803364248,67.62548171688738,0.9755919526325799
2024-01-29 20:00:00,89.18936672400102,74.35648648728622,0.9960692712372369
2024-01-29 21:00:00,106.15935606944264,63.27010159876626,0.9865503215598267
2024-01-29 22:00:00,105.93101257968384,70.63189789773206,1.0333859966568535
2024-01-29 23:00:00,96.9045356068601,79.69464499529143,1.1431366781831183
2024-01-30 00:00:00,103.26133022242118,64.99834337697213,1.1081766727672828
2024-01-30 01:00:00,87.48886423614697,66.61127514737575,0.8687780806568594
2024-01-30 02:00:00,109.240270192069,72.56953924829457,1.062206999030605
2024-01-30 03:00:00,98.15097863557011,70.89790890969799,1.132893331953541
2024-01-30 04:00:00,94.7727697948096,71.7531504963678,1.0386808520689204
2024-01-30 05:00:00,110.49009225836889,72.44593565073832,1.1090980425185968
2024-01-30 06:00:00,92.9565630945724,73.17360734280885,1.2012270445700766
2024-01-30 07:00:00,85.91538703636441,75.54849920978111,1.1023709546106981
2024-01-30 08:00:00,84.43370826476097,72.04909328464257,1.0249308595641728
2024-01-30 09:00:00,106.0600995134564,68.79371172690729,1.1045088474084754
2024-01-30 10:00:00,87.19570647503717,73.36286850601365,1.0144887833096892
2024-01-30 11:00:00,117.54794181984364,79.49940967447608,1.0023903043284956
2024-01-30 12:00:00,79.18070592116278,69.33683126808714,0.9648585764286267
2024-01-30 13:00:00,116.96456368290038,65.12735347664679,1.1563413358832109
2024-01-30 14:00:00,102.11017467202619,75.53540334643486,0.9181571334057999
2024-01-30 15:00:00,99.03286888129608,69.39809418023201,1.1532367724678116
2024-01-30 16:00:00,94.5508091319105,59.13665226992982,1.0499864123740372
2024-01-30 17:00:00,103.9913611435207,74.23710838575211,0.8600693825198058
2024-01-30 18:00:00,99.62365297575151,67.32335907023038,1.036764929299142
2024-01-30 19:00:00,111.03301882016521,69.54733358847919,0.7899973492348376
2024-01-30 20:00:00,101.1422764866204,71.65990165284508,1.0625508016831036
2024-01-30 21:00:00,101.50301761461877,70.95249839889533,1.088523148298899
2024-01-30 22:00:00,96.36387787786144,73.5472590856952,0.9407644044347947
2024-01-30 23:00:00,99.43054376278933,67.82256814715079,1.0123547695955581
2024-01-31 00:00:00,103.0780176889206,72.56552899088041,1.1954157433750288
2024-01-31 01:00:00,82.89831607343375,68.70226661208041,0.9494253295738063
2024-01-31 02:00:00,86.51814577894287,73.69405240443751,0.8941092412943399
2024-01-31 03:00:00,107.43264094022715,73.07683742006526,1.1481663402462599
2024-01-31 04:00:00,101.70865438127942,65.32280648977702,1.1962587190530796
2024-01-31 05:00:00,98.1601666364732,75.42991058087516,1.0003695671847848
2024-01-31 06:00:00,100.18433933065393,67.32018277442975,1.1011463035408355
2024-01-31 07:00:00,103.47581705361671,74.04028899140573,1.134147591553088
2024-01-31 08:00:00,94.60240319690638,71.8364365670067,0.9257515767461616
2024-01-31 09:00:00,92.21695274597687,79.19091838397561,0.9514694164632131
2024-01-31 10:00:00,101.95845255097682,68.88267008814074,1.1230874513154734
2024-01-31 11:00:00,90.21627222384969,68.25341601940902,1.168501427870851
2024-01-31 12:00:00,104.08252755714472,69.90290197056133,1.0562880860174355
2024-01-31 13:00:00,82.9741639576216,68.48410108582863,0.9120185646497946
2024-01-31 14:00:00,110.29155637325644,73.99970950971024,1.1987061111699442
2024-01-31 15:00:00,104.72597482413043,61.91844695781706,0.9469029102188036
2024-01-31 16:00:00,102.56029734313876,64.73158790426822,0.9664862218828548
2024-01-31 17:00:00,109.82690983945514,64.66098539210404,1.034233783448962
2024-01-31 18:00:00,116.65474444462576,74.75153795986787,1.1554160420714774
2024-01-31 19:00:00,110.1437006501813,78.55306686290963,1.0853975976552224
2024-01-31 20:00:00,81.59125768668355,69.47775390731265,1.041486550036191
2024-01-31 21:00:00,87.20423033264298,69.15589138404995,1.0463288530118107
2024-01-31 22:00:00,93.75181422304321,70.3502608155659,1.0043514668643465
2024-01-31 23:00:00,100.26091050210833,75.80939151304095,1.0558139514518505
2024-02-01 00:00:00,105.17659020469122,65.36323432904713,0.7470439922305696
2024-02-01 01:00:00,92.74256186846534,71.19184491367392,0.9703392540930201
2024-02-01 02:00:00,101.86766764477078,74.87598814891214,1.024132193491678
2024-02-01 03:00:00,92.44617067646678,72.50547084969922,0.8848985916380493
2024-02-01 04:00:00,93.88482197008052,70.94790808299372,1.038632331781156
2024-02-01 05:00:00,85.93338903151778,75.00523046283571,0.9795528779013879
2024-02-01 06:00:00,90.76766753889096,56.48383853500381,1.175547569831549
2024-02-01 07:00:00,86.48315394383667,73.38937659765453,1.1573019725214857
2024-02-01 08:00:00,90.24126747022667,66.72962158436287,0.9534194430881837
2024-02-01 09:00:00,110.5364179660784,60.846835515717714,0.9849162288433305
2024-02-01 10:00:00,90.50601111168056,72.5560129976249,0.9926052434391608
2024-02-01 11:00:00,126.32382064837391,76.86829272581478,0.9548340523840377
2024-02-01 12:00:00,104.93317900880889,69.31275742686154,1.0195024984028127
2024-02-01 13:00:00,101.84836123694873,74.76437273601469,0.924171793111241
2024-02-01 14:00:00,91.41642219818786,78.06139128994323,0.8869384665062474
2024-02-01 15:00:00,107.00309879408991,76.57457226792023,1.062271122390027
2024-02-01 16:00:00,94.24362173762226,78.19982264685697,1.062952958422181
2024-02-01 17:00:00,101.22009814645361,73.71063745535946,0.9195684240340007
2024-02-01 18:00:00,125.60084538268795,70.37716819450796,1.0895355430762599
2024-02-01 19:00:00,99.03940100275351,61.99017094051416,0.9368422270834669
2024-02-01 20:00:00,111.49273326285676,68.76968755935026,1.0253165238037982
2024-02-01 21:00:00,92.96823574874112,65.78376702341905,1.0820344012612457
2024-02-01 22:00:00,99.65011509503039,80.85471358748907,0.9966387435296287
2024-02-01 23:00:00,117.7080063563551,69.12057093783832,1.0454740912141134
2024-02-02 00:00:00,93.73032942212232,70.61602403392243,0.9483570356112428
2024-02-02 01:00:00,118.12448557996929,72.75742688020233,0.9803533416571902
2024-02-02 02:00:00,107.07751935455475,70.21801223186228,0.9794140569119659
2024-02-02 03:00:00,94.37533224105732,78.47525520215376,0.9253421653459761
2024-02-02 04:00:00,106.3240773905552,66.88675319132774,0.9823225836884217
2024-02-02 05:00:00,109.7255444962673,70.97303727618622,0.8451381701136254
2024-02-02 06:00:00,106.21809962217196,66.28764707150975,0.9508846252857895
2024-02-02 07:00:00,84.29775280109544,63.399887443896475,0.9715124506630329
2024-02-02 08:00:00,92.72862824175131,66.94115454547358,0.974382024750462
2024-02-02 09:00:00,97.52481364448495,69.81481601475794,0.9758502554129221
2024-02-02 10:00:00,99.25566570899954,67.8534888774137,0.9938235800139871
2024-02-02 11:00:00,106.20672097550678,66.53789510063072,1.0479441518086063
2024-02-02 12:00:00,101.77701000933254,62.96841268164083,1.0874517074132521
2024-02-02 13:00:00,86.64655641289899,69.58447213685653,0.9350234773151733
2024-02-02 14:00:00,103.80197851005963,62.47639812984499,0.8796799144610855
2024-02-02 15:00:00,106.10585745283824,73.80027981844802,0.8957955587756897
2024-02-02 16:00:00,105.5979044793104,70.41219876467251,0.9512797078805073
2024-02-02 17:00:00,110.80780725554622,62.712242502675345,0.9648078682183491
2024-02-02 18:00:00,108.33922154548904,68.45395461475069,0.9230003933802543
2024-02-02 19:00:00,104.59180079228437,66.23921797204709,0.8703883335750106
2024-02-02 20:00:00,99.29834288541353,71.5958725520959,0.9543879172525812
2024-02-02 21:00:00,83.39039066484008,76.70225223011572,1.0181426620113971
2024-02-02 22:00:00,104.29618219132585,60.62413765177128,1.0595029465835564
2024-02-02 23:00:00,102.07687687163111,70.57513039573709,0.9442576946891679
2024-02-03 00:00:00,102.71578837195374,69.1993360221668,0.9587002177856566
2024-02-03 01:00:00,87.2325142417969,73.35670038225233,0.9073301691152689
2024-02-03 02:00:00,89.18943459591738,71.06598314118844,0.9968560829625224
2024-02-03 03:00:00,110.53152853332904,66.2401533413059,0.9151571365809186
2024-02-03 04:00:00,99.60444846143345,68.4047303216669,1.05731278132412
2024-02-03 05:00:00,106.81500697372624,66.01987071598255,0.8214133508065888
2024-02-03 06:00:00,100.28318376130461,75.38003569299299,0.9640370327547537
2024-02-03 07:00:00,100.29756139495746,70.10655824335971,1.0301107339191742
2024-02-03 08:00:00,109.38283805975998,79.50595342876504,1.0183834516322505
2024-02-03 09:00:00,94.83955271782627,69.6966959309269,1.2693033663980497
2024-02-03 10:00:00,100.96120776940984,66.45796616544769,1.0349800024567908
2024-02-03 11:00:00,95.37724711294958,62.43142803693586,0.899594540315799
2024-02-03 12:00:00,95.65503772567685,60.98430161872027,0.9904535752910927
2024-02-03 13:00:00,96.90827876531361,62.07932028497255,0.8223753666533549
2024-02-03 14:00:00,102.22133771633713,71.33563325505742,0.9919400250703239
2024-02-03 15:00:00,95.21251378336522,72.54362511614967,0.9166943942999242
2024-02-03 16:00:00,112.55756125573521,62.094046489839336,1.0915390275560162
2024-02-03 17:00:00,91.05392697780496,74.47519157038057,0.9450459725404465
2024-02-03 18:00:00,98.13128355838641,67.58469474158281,0.9883234084204753
2024-02-03 19:00:00,95.60268941725825,70.73396505992774,0.9364442158595596
2024-02-03 20:00:00,114.46977884353733,78.06110314127713,1.1738851351853332
2024-02-03 21:00:00,101.96554776511574,74.48419657932766,0.9678757233882088
2024-02-03 22:00:00,110.31844539468635,68.65734676047084,1.1832557043479202
2024-02-03 23:00:00,85.14439626963028,65.54403887292357,1.0814151762118267
2024-02-04 00:00:00,102.67050265869258,59.24092299335348,1.0482066727335386
2024-02-04 01:00:00,108.89630795623437,66.4042334037879,1.036873314731752
2024-02-04 02:00:00,100.82283989275425,68.94434880586152,1.0393797298216252
2024-02-04 03:00:00,110.65480375065351,65.06410236424408,0.807232742065439
2024-02-04 04:00:00,94.82711549899628,69.34371516453848,0.9721116605849244
2024-02-04 05:00:00,114.0934744018558,70.38425941479385,1.0845157971184323
2024-02-04 06:00:00,122.9889812361925,68.8757200909596,0.9951102816525894
2024-02-04 07:00:00,96.37161439560342,66.7499870958827,0.8594810153196425
2024-02-04 08:00:00,95.54497478599228,70.84327335983363,0.9947595549422531
2024-02-04 09:00:00,114.533844771177,72.20970324784705,1.1704105516255492
2024-02-04 10:00:00,115.79572145730712,64.54800461278577,1.124689171553472
2024-02-04 11:00:00,94.77139972846732,77.05466189873135,0.9937995990633969
2024-02-04 12:00:00,95.79813182904142,69.50705933857869,1.0951449277058087
2024-02-04 13:00:00,97.18215391139493,70.09424811472424,0.9633492979631948
2024-02-04 14:00:00,86.55549488965723,73.54107211628279,0.829612841317328
2024-02-04 15:00:00,90.81348053515802,71.1660806563175,0.9075534011870445
2024-02-04 16:00:00,89.95859233247933,74.76568316956623,1.1562888768508197
2024-02-04 17:00:00,92.32202434895872,71.43562082600913,0.9726006918170695
2024-02-04 18:00:00,99.65315112613219,66.9378131267978,0.9756616020624982
2024-02-04 19:00:00,102.3421473253652,71.8075176260305,0.9700161803725119
2024-02-04 20:00:00,115.50500492814076,64.28136896339669,1.1904136589573007
2024-02-04 21:00:00,90.0164595926121,70.54279852888261,1.1625958915362062
2024-02-04 22:00:00,109.84322398476584,69.8338500467777,1.2218780233448134
2024-02-04 23:00:00,97.86011155774491,68.9594157136373,0.9840954789599948
2024-02-05 00:00:00,99.50536290347567,69.35731244280535,1.0295624488747095
2024-02-05 01:00:00,106.74819492166604,60.5907547725118,0.8483357450579209
2024-02-05 02:00:00,88.77277978437701,67.25637546129519,1.1476934426118275
2024-02-05 03:00:00,103.82409746184051,70.46422450570557,0.8832220448732064
2024-02-05 04:00:00,101.66452208213056,70.799281959987,1.021677556376263
2024-02-05 05:00:00,104.92451264008149,64.8616242953702,0.8902697472367156
2024-02-05 06:00:00,102.89168643907819,76.3285392043235,0.9411133173261303
2024-02-05 07:00:00,124.55300139910895,65.66912575892749,0.91627375689503
2024-02-05 08:00:00,93.62260015748684,74.84728600263368,0.9392124739324182
2024-02-05 09:00:00,94.69003044998182,72.13597180935842,0.9460877296851021
2024-02-05 10:00:00,93.76859473575236,66.76886345078098,0.9451731205074922
2024-02-05 11:00:00,94.44522880839746,78.87655446304755,1.0833333911780307
2024-02-05 12:00:00,93.62612872693482,64.0318158412176,0.889513720693748
2024-02-05 13:00:00,111.89016531107552,74.59577086805001,1.0220541427013867
2024-02-05 14:00:00,114.20504247989855,75.0029115902149,1.1217959152305559
2024-02-05 15:00:00,94.29253706250523,66.64689895461677,0.9486803635486604
2024-02-05 16:00:00,91.67644426895771,76.96232650032164,0.9282081109252398
2024-02-05 17:00:00,104.71415556386404,68.74976742700524,0.9769475374819749
2024-02-05 18:00:00,94.47776955719029,71.44346814639928,1.1179725208360711
2024-02-05 19:00:00,106.32931817755511,71.30160919385611,1.0194107630953357
2024-02-05 20:00:00,102.029230208513,69.32845629264726,0.9468785705392402
2024-02-05 21:00:00,84.84255885002769,74.05404136579891,1.048387665118804
2024-02-05 22:00:00,115.47505201330061,73.96744360276107,0.8897707850163576
2024-02-05 23:00:00,117.95877673095522,61.257340133809095,1.0681359510442947
2024-02-06 00:00:00,93.87211309515614,76.52170121439076,1.0408607307701767
2024-02-06 01:00:00,96.12298440064016,61.68754005982163,0.9692191528861116
2024-02-06 02:00:00,102.85865390724905,75.16273102170828,0.9161414201552769
2024-02-06 03:00:00,103.34456789987026,75.63352568413792,0.9113319077716543
2024-02-06 04:00:00,106.5854427267283,64.54516784892401,1.053481733634591
2024-02-06 05:00:00,120.1020453876635,67.94592856022707,1.122898050248906
2024-02-06 06:00:00,98.2305277250595,64.47147665757032,0.9362692252971205
2024-02-06 07:00:00,92.01702755461547,68.92539484855632,1.0458386703551483
2024-02-06 08:00:00,86.20680771985472,68.4598285790713,0.7912972981397931
2024-02-06 09:00:00,92.69069960058081,73.8983026613467,0.94153822693428
2024-02-06 10:00:00,99.66873027126204,76.55154373059804,0.9968941067129098
2024-02-06 11:00:00,117.94557863517788,76.97841905394978,0.9090316583018166
2024-02-06 12:00:00,94.82388700963828,67.18915986710849,0.9063493625210404
2024-02-06 13:00:00,102.23787951638899,68.95389063127736,0.9332220443531114
2024-02-06 14:00:00,99.83577103927247,61.58280903889525,1.0292192728326373
2024-02-06 15:00:00,111.88393273448084,65.97064966751906,0.9812670981593625
2024-02-06 16:00:00,125.26932425873622,74.8242581654873,0.7761768766675028
2024-02-06 17:00:00,94.6913122707968,78.07791411774116,0.7879299847364933
2024-02-06 18:00:00,95.10560557481777,63.82825564060039,0.9393134822142825
2024-02-06 19:00:00,110.44160877069072,67.03767870423553,1.0457686586053552
2024-02-06 20:00:00,106.81891489626311,69.86797121520536,0.7252495157274765
2024-02-06 21:00:00,118.46707325736034,71.40080579409803,0.950026982384837
2024-02-06 22:00:00,105.83928185325964,65.95198240039177,0.9473752143482579
2024-02-06 23:00:00,96.40707909212941,72.12030522232045,1.1388337778208448
2024-02-07 00:00:00,105.9065483069231,67.63080326464542,0.9614978188287137
2024-02-07 01:00:00,111.08703580582907,69.9277386456086,1.0382988984740928
2024-02-07 02:00:00,108.20482181197364,72.73142124001849,1.0141257140087463
2024-02-07 03:00:00,105.07274031107298,70.03211134905469,0.7869433520192799
2024-02-07 04:00:00,110.66674689589154,67.81807054736716,1.0768207216631738
2024-02-07 05:00:00,111.69295590445672,69.45195098037084,1.021539650545629
2024-02-07 06:00:00,113.82158991037527,69.55818520397332,1.050826863967459
2024-02-07 07:00:00,106.48709887589642,68.14994485058936,1.3926237706436326
2024-02-07 08:00:00,98.32881919683146,68.70601968666449,0.7915887060501412
2024-02-07 09:00:00,101.46713686433323,77.99323585252358,1.1724696649761108
2024-02-07 10:00:00,112.06508966508358,72.8045972397062,0.9712552480599644
2024-02-07 11:00:00,91.83064329012764,68.5225984098542,1.028732890440301
2024-02-07 12:00:00,103.68673308872901,73.48477202255368,0.9954487754698758
2024-02-07 13:00:00,96.0666118767264,68.33090255121995,0.9575763666601956
2024-02-07 14:00:00,100.28744822934817,75.86562318793321,0.9430167071761242
2024-02-07 15:00:00,112.78451862607298,71.84821096099047,1.032950873557301
2024-02-07 16:00:00,101.91099068019903,69.46348927997886,0.8482826303328321
2024-02-07 17:00:00,100.46436548156149,72.23858462905139,1.0750579167521765
2024-02-07 18:00:00,86.40143859020081,62.145619239657506,0.9583805595114746
2024-02-07 19:00:00,107.46253566027221,64.36616265545098,0.8869930660959642
2024-02-07 20:00:00,106.45484181141076,64.03037496800472,0.9549987142004186
2024-02-07 21:00:00,121.6325472330546,70.71471547381853,1.1257149216862572
2024-02-07 22:00:00,96.92221765046999,78.66257499742545,0.9464664912983777
2024-02-07 23:00:00,102.1915032766394,81.15650073096316,1.035845361820962
2024-02-08 00:00:00,102.49383683710755,73.19025550720379,0.9269043724284527
2024-02-08 01:00:00,115.77453279763475,72.50422237472229,1.075792184992362
2024-02-08 02:00:00,99.04704467613048,60.9947113292363,1.0685507738790203
2024-02-08 03:00:00,102.7902152577034,67.2866310013299,1.1848608833296412
2024-02-08 04:00:00,106.0789650971654,66.0610812404588,0.9824436054500785
2024-02-08 05:00:00,101.86609123156359,66.89576200874441,1.0668654804757907
2024-02-08 06:00:00,95.53566385449471,69.15928090707605,1.0098067539538944
2024-02-08 07:00:00,101.94089992898307,67.63954711151436,1.1295871781863014
2024-02-08 08:00:00,110.73631749859771,60.10350094812106,0.928116761239127
2024-02-08 09:00:00,89.73484700588939,73.73955128058768,1.074500531287728
2024-02-08 10:00:00,101.32969674146877,64.63628487130097,0.9805302703883318
2024-02-08 11:00:00,92.99879185060827,71.19623432055575,0.9935811822891503
2024-02-08 12:00:00,111.95046628924842,80.37041334874986,1.0091752484448373
2024-02-08 13:00:00,84.76813095216225,65.40307704206788,1.0252240396426677
2024-02-08 14:00:00,94.41078152728412,57.348562386268355,0.9883770956878042
2024-02-08 15:00:00,103.7721187506452,68.56997889059944,1.0214713183170527
2024-02-08 16:00:00,115.65524029234341,75.50479817499286,1.1578118057562183
2024-02-08 17:00:00,99.34249738927012,79.79173727110297,1.0985449685615218
2024-02-08 18:00:00,94.44800473306802,63.85225202773792,1.0869154592496897
2024-02-08 19:00:00,118.8115706944059,72.48349611618261,0.954446047397613
2024-02-08 20:00:00,85.51986099583756,67.67344771609973,0.9110759171771676
2024-02-08 21:00:00,78.01194043379918,69.47025822847932,1.0955300558237753
2024-02-08 22:00:00,104.40014450053333,83.22171673508518,1.0876046792529794
2024-02-08 23:00:00,94.97945775647389,62.48514835802423,1.1472670675750982
2024-02-09 00:00:00,89.78767182869287,71.26869830747287,0.9396019374030771
2024-02-09 01:00:00,107.08356447299353,72.33846585882716,0.9770451344639652
2024-02-09 02:00:00,102.43800713771199,75.42893162469673,0.8360515837474566
2024-02-09 03:00:00,94.35921369263272,70.48991576735447,0.9607528893939127
2024-02-09 04:00:00,87.19695601329106,71.54025269752051,1.0996570510579446
2024-02-09 05:00:00,108.72457328280144,68.04175716289105,0.9533504620771802
2024-02-09 06:00:00,106.50201177958661,71.34563470622554,1.0640479795200823
2024-02-09 07:00:00,99.00824136220618,68.28403862251295,0.9809496894002189
2024-02-09 08:00:00,118.46636996047665,73.10785944928026,1.032405702822156
2024-02-09 09:00:00,89.29915233673847,68.15194831978182,0.8852308610184333
2024-02-09 10:00:00,84.74474829075261,71.88550196951093,1.00852094496339
2024-02-09 11:00:00,93.08091930118755,69.85368593157511,0.7008864029099277
2024-02-09 12:00:00,99.54413983644503,75.63025125386085,0.9813103841838016
2024-02-09 13:00:00,102.43339449322691,69.74303138205757,0.836952675628486
2024-02-09 14:00:00,97.5876394214367,61.134837658965594,1.1205994516546816
2024-02-09 15:00:00,103.52055396514297,76.30960750356996,1.0777407352764512
2024-02-09 16:00:00,87.48460575809555,65.47133849568691,1.0466670981966082
2024-02-09 17:00:00,114.4376460407326,66.7311683067559,1.152100622715938
2024-02-09 18:00:00,99.17848821607431,67.02169352978254,0.9051083479175163
2024-02-09 19:00:00,111.17295831588127,76.87219046585409,1.174736319791556
2024-02-09 20:00:00,103.42725346377703,59.32162893010652,1.0932191564260385
2024-02-09 21:00:00,104.56753219153784,85.68874266829997,0.9763444712781054
2024-02-09 22:00:00,105.69767280232205,75.28028404533026,1.1135620147182945
2024-02-09 23:00:00,104.47708560017315,71.1161945706458,0.8893706487588365
2024-02-10 00:00:00,106.42722759867544,69.72552999691857,0.9175485838472326
2024-02-10 01:00:00,113.29152530132431,71.42777037428829,0.9391410276760299
2024-02-10 02:00:00,101.9652116970147,72.60561214189669,0.9471022291935984
2024-02-10 03:00:00,107.09003757588512,73.22607792975029,0.8943442357239747
2024-02-10 04:00:00,99.10264305712774,72.77802233001724,1.1223083067095325
2024-02-10 05:00:00,114.40117215449473,70.44790340627624,0.9741145599630169
2024-02-10 06:00:00,93.2360769794073,69.01330789846337,1.035250496835688
2024-02-10 07:00:00,118.00940432910815,69.24363358173244,0.9429648633586319
2024-02-10 08:00:00,99.59842049355656,69.0254585982366,0.8179396699451482
2024-02-10 09:00:00,85.69224897881952,75.66885048433532,1.0270057358391422
2024-02-10 10:00:00,101.2810441491079,72.96778361140431,0.8087745024580223
2024-02-10 11:00:00,93.1894834252512,55.2980568266786,0.9931365953914532
2024-02-10 12:00:00,108.40643548988724,73.27950388264881,0.863168496116719
2024-02-10 13:00:00,93.4737602069761,70.97368097359387,1.1987275999230809
2024-02-10 14:00:00,95.5381656678522,69.90645621777051,1.0911362722174722
2024-02-10 15:00:00,81.10459269054469,68.05740773455557,1.0105753791271481
2024-02-10 16:00:00,95.47693680750923,75.62056359993007,1.1263706677654668
2024-02-10 17:00:00,75.76120673371044,74.73763231061429,0.9153684022534264
2024-02-10 18:00:00,84.16097176514276,66.13561166088195,1.0543479378670093
2024-02-10 19:00:00,107.60414656144297,72.03526143562267,1.0199810433718715
2024-02-10 20:00:00,107.85800158650832,65.14171632729357,1.026402008133367
2024-02-10 21:00:00,104.25457561784965,63.101909176055344,1.1272353500106769
2024-02-10 22:00:00,90.33023856870787,66.86641387705018,1.0732492102779803
2024-02-10 23:00:00,99.5228864385802,74.31196736191379,1.0288723662825023
2024-02-11 00:00:00,99.96397460909432,74.76562522688043,0.8345112563771704
2024-02-11 01:00:00,88.41635310807457,72.56542710048646,0.9039953704720536
2024-02-11 02:00:00,115.0339830176715,73.62547893423998,0.9877291066404276
2024-02-11 03:00:00,108.77362290575671,72.5808914355748,1.009337237427665
2024-02-11 04:00:00,97.79035826170336,66.79259202388523,0.8869796275326076
2024-02-11 05:00:00,100.26885838994531,72.1596127233697,1.2411676675578422
2024-02-11 06:00:00,102.08382807947552,74.0020476261384,1.1516394055253574
2024-02-11 07:00:00,79.58265131575709,73.77145664906787,1.0602118320392484
2024-02-11 08:00:00,97.52822617479403,75.94456685737322,1.0072036861283744
2024-02-11 09:00:00,93.18015752002202,73.54151923600531,0.9787791030098848
2024-02-11 10:00:00,89.98379990105084,71.75724103770791,0.9048081539977765
2024-02-11 11:00:00,97.18899707114045,75.35075119158213,1.0077480518518862
2024-02-11 12:00:00,117.97686526849523,69.8673937037547,1.025775254014275
2024-02-11 13:00:00,106.4084286126701,65.5906267438614,0.8758239424518376
2024-02-11 14:00:00,94.28821010217203,69.18466518028119,1.0334176417244898
2024-02-11 15:00:00,105.72582781356158,66.27548677596775,0.9844740951175251
